{
  "accuracy": 0.8125,
  "precision": 0.75,
  "recall": 0.6,
  "f1": 0.6666666666666666,
  "best_val_acc": 0.7857142857142857,
  "total_epochs": 16,
  "timestamp": "2025-12-18T14:37:04.226848"
}